title,content,field,authors,journal
"Deep Learning for Natural Language Processing","This paper presents a comprehensive survey of deep learning techniques applied to natural language processing tasks. We examine various neural network architectures including RNNs, LSTMs, GRUs, and Transformers, analyzing their effectiveness in tasks such as machine translation, sentiment analysis, and text summarization.","Computer Science","Smith, J.; Johnson, A.; Williams, B.","Journal of AI Research"
"Quantum Machine Learning Algorithms","We investigate the potential of quantum computing to enhance machine learning algorithms. Our research focuses on quantum versions of classical ML algorithms including quantum support vector machines, quantum neural networks, and quantum clustering algorithms.","Quantum Computing","Davis, C.; Brown, D.; Taylor, E.","Quantum Information Science"
"Sustainable Energy Storage Solutions","This study explores novel approaches to energy storage using environmentally friendly materials. We examine lithium-ion alternatives, solid-state batteries, and supercapacitor technologies, evaluating their efficiency, cost-effectiveness, and environmental impact.","Energy Engineering","Garcia, F.; Lopez, G.; Martinez, H.","Renewable Energy Journal"
"CRISPR-Cas9 Gene Editing Applications","Our research investigates the latest applications of CRISPR-Cas9 technology in treating genetic disorders. We present case studies on successful gene therapies for sickle cell disease, beta-thalassemia, and inherited blindness conditions.","Biotechnology","Anderson, I.; White, J.; Clark, K.","Nature Biotechnology"
"Climate Change Impact on Ocean Ecosystems","This comprehensive study analyzes the effects of rising global temperatures on marine biodiversity. We examine coral bleaching patterns, fish migration changes, and the acidification of ocean waters across different geographical regions.","Environmental Science","Thompson, L.; Moore, M.; Jackson, N.","Environmental Research Letters"
"Blockchain in Healthcare Data Management","We propose a novel blockchain-based system for secure healthcare data management that ensures patient privacy while enabling interoperability between healthcare providers. Our solution addresses current challenges in medical data sharing and HIPAA compliance.","Health Informatics","Rodriguez, O.; Kim, P.; Lee, Q.","Healthcare Informatics Journal"
"Advanced Materials for Space Exploration","This paper explores the development of new materials designed for extreme space environments. We focus on radiation-resistant composites, self-healing materials, and lightweight structures suitable for long-duration space missions and planetary colonization.","Materials Science","Chang, R.; Patel, S.; Wilson, T.","Space Technology Review"
"Artificial Intelligence in Medical Diagnosis","Our study evaluates the performance of AI-powered diagnostic systems across multiple medical specialties. We compare machine learning algorithms for radiology, pathology, and dermatology, demonstrating significant improvements in diagnostic accuracy and speed.","Medical AI","Kumar, U.; Zhang, V.; Miller, W.","Medical AI Quarterly"
"Renewable Energy Grid Integration","This research addresses the challenges of integrating renewable energy sources into existing power grids. We propose smart grid solutions using AI-driven load balancing, energy storage optimization, and predictive maintenance systems.","Electrical Engineering","Johnson, X.; Brown, Y.; Davis, Z.","Power Systems Journal"
"Neuroscience of Human Memory Formation","We investigate the neural mechanisms underlying human memory formation and retrieval using advanced neuroimaging techniques. Our findings reveal new insights into the role of the hippocampus and prefrontal cortex in long-term memory consolidation.","Neuroscience","Williams, A.; Taylor, B.; Anderson, C.","Cognitive Neuroscience Review"
