article_id,title,content,category,author,publication_date
"TECH-2024-001","Introduction to Machine Learning","Machine Learning is a subset of artificial intelligence that enables computers to learn and make decisions without being explicitly programmed. It uses algorithms to analyze data, identify patterns, and make predictions or decisions based on the information it processes.","Technology","Alice Johnson","2024-01-15"
"TECH-2024-002","Understanding Microservices Architecture","Microservices architecture is a software development approach where applications are built as a collection of loosely coupled, independently deployable services. Each service is responsible for a specific business function and communicates with other services through well-defined APIs.","Technology","Bob Smith","2024-01-20"
"TECH-2024-003","The Future of Quantum Computing","Quantum computing represents a paradigm shift in computational power, leveraging quantum mechanics principles to process information in ways that classical computers cannot. Quantum computers use quantum bits (qubits) that can exist in multiple states simultaneously.","Technology","Carol Davis","2024-02-01"
"TECH-2024-004","Cloud Migration Best Practices","Cloud migration involves moving applications, data, and infrastructure from on-premises environments to cloud platforms. Successful migration requires careful planning, assessment of existing systems, and consideration of security, performance, and cost factors.","Technology","David Wilson","2024-02-10"
"TECH-2024-005","Cybersecurity in the Digital Age","As organizations become increasingly digital, cybersecurity has become more critical than ever. Modern cyber threats include ransomware, phishing attacks, data breaches, and advanced persistent threats that can cause significant financial and reputational damage.","Security","Emily Brown","2024-02-15"
"TECH-2024-006","DevOps Culture and Practices","DevOps is a cultural and operational model that bridges the gap between software development and IT operations. It emphasizes collaboration, automation, continuous integration, and continuous deployment to deliver software faster and more reliably.","Development","Frank Miller","2024-02-20"
"TECH-2024-007","Artificial Intelligence Ethics","AI ethics addresses the moral implications of artificial intelligence systems, including issues of bias, fairness, transparency, privacy, and accountability. As AI becomes more prevalent, establishing ethical guidelines becomes increasingly important.","AI Ethics","Grace Taylor","2024-02-25"
"TECH-2024-008","Blockchain Technology Fundamentals","Blockchain is a distributed ledger technology that maintains a continuously growing list of records, called blocks, which are linked and secured using cryptography. It provides transparency, immutability, and decentralization without requiring a central authority.","Blockchain","Henry Anderson","2024-03-01"
"TECH-2024-009","Internet of Things Applications","The Internet of Things (IoT) refers to the network of interconnected devices that can collect and exchange data. IoT applications span across various industries including healthcare, agriculture, manufacturing, and smart cities.","IoT","Ivy Chen","2024-03-05"
"TECH-2024-010","Big Data Analytics Strategies","Big data analytics involves examining large and complex datasets to uncover hidden patterns, correlations, and insights. Organizations use big data analytics to make informed business decisions, improve operations, and gain competitive advantages.","Data Analytics","Jack Rodriguez","2024-03-10"
